Requests,REST_Response_Time,gRPC_Response_Time,REST_Throughput,gRPC_Throughput
1,10.02,10.0,99.8003992015968,100.0
11,12.42,33.97895272798371,80.51529790660226,29.42998296638024
21,18.82,40.445224377234226,53.13496280552604,24.724797930973505
31,29.22,44.33987204485146,34.22313483915127,22.553064631951624
41,43.62,47.135720667043074,22.925263640531867,21.21533278474285
51,62.02,49.318256327243255,16.123831022250886,20.276467062514598
61,84.42,51.10873864173311,11.845534233593934,19.566125609358018
71,110.82000000000001,52.62679877041315,9.023641941887746,19.001725800623866
81,141.22,53.94449154672438,7.08114997875655,18.537573926966083
91,175.62,55.1085950651685,5.694112287894317,18.145989728416286
101,214.02,56.151205168412595,4.672460517708625,17.80905676023748
111,256.42,57.09530201312334,3.8998518056313856,17.514575888750887
121,302.82,57.95790545596741,3.302291790502609,17.25390164004001
131,353.22,58.75197323201151,2.831096766887492,17.020704922556398
141,407.62,59.48759890378169,2.4532652961091213,16.810226306451728
151,466.02,60.172798368149245,2.14583065104502,16.618804960370955
161,528.42,60.814043649844635,1.892434048673404,16.443570267384363
171,594.82,61.416635565026596,1.6811808614370733,16.2822334828358
181,665.22,61.98497031265825,1.5032620787108024,16.132943114369535
191,739.62,62.522734280466295,1.3520456450609772,15.994182140438244
201,818.02,63.03304908059076,1.2224639984352461,15.864693436001364
211,900.4200000000001,63.51858133476067,1.110592834455032,15.743424663874665
221,986.82,63.98162701517752,1.0133560325084614,15.629486880081732
231,1077.22,64.42417710521794,0.9283154787322924,15.522122981358292
241,1171.6200000000001,64.84796933490655,0.8535190590805892,15.42068333451603
251,1270.02,65.25452939131783,0.7873891749736225,15.324606725813746
261,1372.42,65.64520407322692,0.7286399207239765,15.233405305351852
271,1478.82,66.02118820879701,0.6762148199239935,15.146652569133172
281,1589.22,66.38354669333745,0.6292395011389235,15.063973677386606
291,1703.6200000000001,66.73323267171492,0.586985360585107,14.985037588683353
301,1822.02,67.07110264748876,0.5488413958134378,14.90955061907636
311,1944.42,67.39792912179234,0.5142921796731159,14.837251129673975
321,2070.82,67.71441123130016,0.48290049352430436,14.76790511526684
331,2201.2200000000003,68.02118375377063,0.45429352813439816,14.701302518049266
341,2335.62,68.31882477283517,0.4281518397684555,14.637254129078908
351,2474.02,68.60786223465865,0.4042004510877034,14.575588969376598
361,2616.42,68.88877958332881,0.38220163429418824,14.516152064943846
371,2762.82,69.16202062607435,0.36194902309958665,14.45880254723206
381,2913.2200000000003,69.427993751267,0.34326278138966504,14.403412024011581
391,3067.62,69.68707559985366,0.3259856175145553,14.349863176093733
401,3226.02,69.9396142730657,0.3099794793584665,14.298048543643569
411,3388.42,70.18593214496235,0.29512280059732854,14.247869472397907
421,3554.82,70.42632833682381,0.28130819563297155,14.199235195357046
431,3725.2200000000003,70.66108090103748,0.26844052163362164,14.152062029740582
441,3899.62,70.89044875446845,0.2564352424082347,14.106272672409437
451,4078.02,71.11467339502678,0.24521704160352328,14.061795579728168
461,4260.42,71.33398042996649,0.2347186427629201,14.018564420105076
471,4446.82,71.54858094016419,0.2248798017459668,13.976517589304759
481,4637.22,71.7586727010576,0.21564644334320993,13.935597780158796
491,4831.62,71.96444127794521,0.2069699189919737,13.895751599567658
501,5030.02,72.16606101084864,0.1988063665750832,13.856929226740963
511,5232.42,72.36369590203705,0.19111615657764475,13.819084107502722
521,5438.82,72.55750041753367,0.18386341154882863,13.782172680225736
531,5649.22,72.74762021241939,0.17701558799267864,13.74615412957909
541,5863.62,72.93419278846481,0.17054311159317964,13.710990164796323
551,6082.02,73.11734809152914,0.16441905814186733,13.676644819615017
561,6304.42,73.29720905522696,0.15861887374254888,13.643084271415217
571,6530.82,73.47389209656009,0.15312012886590046,13.610276677405226
581,6761.22,73.6475075685191,0.14790230165561835,13.578192025977723
591,6995.62,73.81816017406098,0.1429465865784591,13.5468020015946
601,7234.02,73.98594934535208,0.1382357250878488,13.516079861761234
611,7476.42,74.15096959171595,0.1337538554548835,13.486000324825405
621,7722.82,74.31331081933479,0.12948637932775853,13.456539467486902
631,7973.22,74.47305862541212,0.12541984292418873,13.427674631034616
641,8227.62,74.6302945692067,0.12154183105199315,13.399384335441326
651,8486.02,74.78509642208569,0.11784087239954655,13.37164820054545
661,8748.42,74.93753839851686,0.11430635474748584,13.344446873635118
671,9014.82,75.08769136971681,0.11092844893186997,13.317761962825566
681,9285.22,75.23562306149512,0.10769804054185039,13.291575975686849
691,9559.62,75.38139823767669,0.10460666846590136,13.265872262637147
701,9838.02,75.52507887034591,0.1016464695131744,13.240634964667862
711,10120.42,75.6667242980324,0.09881012843340493,13.215848965012
721,10406.82,75.80639137284949,0.09609083274237472,13.191499844406998
731,10697.22,75.94413459749778,0.09348223183219566,13.167573839638541
741,10991.62,76.08000625296087,0.09097839990829376,13.144057805083081
751,11290.02,76.21405651764134,0.08857380234933153,13.120939176994588
761,11592.42,76.34633357861686,0.08626326513359592,13.0982059403057
771,11898.82,76.4768837356333,0.08404194701659493,13.075846597735579
781,12209.22,76.60575149839686,0.08190531418059467,13.053850141016204
791,12523.62,76.73297967767654,0.07984911710831213,13.03220602406665
801,12842.02,76.85860947068359,0.07786936946056773,13.010904137960406
811,13164.42,76.98268054115412,0.07596232876192038,12.98993478754498
821,13490.82,77.10523109452427,0.07412447871960341,12.969288669585692
831,13821.220000000001,77.22629794855447,0.07235251301983471,12.948956852316886
841,14155.62,77.34591659972948,0.07064332046212034,12.92893075629409
851,14494.02,77.46412128573374,0.06899397130678721,12.909202136449794
861,14836.42,77.5809450442773,0.06740170472391588,12.889763065263978
871,15182.82,77.69641976852503,0.06586391724330526,12.8706059169679
881,15533.220000000001,77.8105762593618,0.06437815211527294,12.851723352706628
891,15887.62,77.92344427470809,0.06294208950113359,12.833108306591805
901,16246.02,78.03505257608337,0.061553537420242,12.814753972581876
911,16608.420000000002,78.14542897259957,0.06021042338765517,12.796653792132023
921,16974.82,78.25460036255306,0.0589107866828632,12.778801442560647
931,17345.22,78.36259277277067,0.057652771195753065,12.761190826083523
941,17719.62,78.46943139585379,0.05643461880108039,12.743816059470499
951,18098.02,78.5751406254539,0.05525466321730222,12.726671464283152
961,18480.420000000002,78.67974408970292,0.054111324309728884,12.70975155765502
971,18866.82,78.78326468291324,0.05300310280163801,12.69305104357884
981,19257.22,78.88572459565363,0.051928575360306414,12.676564804668056
991,19651.62,78.98714534329987,0.05088639002789592,12.660287894362112
1001,20050.02,79.0875477931522,0.0498752619698135,12.644215529547436
1011,20452.420000000002,79.18695219020472,0.04889396951558788,12.628343083567978
1021,20858.82,79.28537818164665,0.04794135046948965,12.612666079601102
1031,21269.22,79.3828448401696,0.047016298670096976,12.597180184376263
1041,21683.62,79.47937068614968,0.04611776077979599,12.581881202215698
1051,22102.02,79.5749737087695,0.04524473328682175,12.566765069377531
1061,22524.420000000002,79.66967138613983,0.04439625970391246,12.551827848683338
1071,22950.82,79.76348070447749,0.0435714279489796,12.537065724413221
1081,23381.22,79.85641817639208,0.04276936789440414,12.522474997452735
1091,23815.62,79.9484998583307,0.041989249072667434,12.508052080677022
1101,24254.02,80.0397413672268,0.04123027852702356,12.493793494558462
1111,24696.420000000002,80.1301578963963,0.04049169879682966,12.479695862985103
1121,25142.82,80.2197642307216,0.03977278602797936,12.465755909277929
1131,25593.22,80.3085747611612,0.039072848199640374,12.451970452395821
1141,26047.62,80.39660349862076,0.03839122345918744,12.438336403317777
1151,26506.02,80.48386408721883,0.03772727855785214,12.424850761592646
1161,26968.420000000002,80.57036981697891,0.03708040738018764,12.411510612047186
1171,27434.82,80.65613363597717,0.03645002956097398,12.398313121643904
1181,27905.22,80.74116816197362,0.035835589183672446,12.385255536480663
1191,28379.62,80.82548569355299,0.035236553554980656,12.372335178924443
1201,28858.02,80.90909822079983,0.03465241205044559,12.359549444872238
1211,29340.420000000002,80.99201743553093,0.0340826750264652,12.346895801132414
1221,29826.82,81.07425474110704,0.033526872794350855,12.334371782920263
1231,30317.22,81.15582126184452,0.03298455465243845,12.321974991461898
1241,30811.62,81.23672785204607,0.03245528797252465,12.309703091700948
1251,31310.02,81.3169851046691,0.03193865733717193,12.297553810102848
1261,31812.420000000002,81.39660335964919,0.031434263724671056,12.285524932551803
1271,32318.82,81.47559271189454,0.030941723738676104,12.273614302335858
1281,32829.22,81.55396301896734,0.030460668879735794,12.26181981821565
1291,33343.62,81.63172390846643,0.029990744856137393,12.250139432572796
1301,33862.020000000004,81.70888478512505,0.029531610931657352,12.238571149634002
1311,34384.42,81.785454837637,0.029082939307977278,12.227113023767254
1321,34910.82,81.86144304522325,0.028644414539675665,12.215763157846649
1331,35441.22,81.93685818395112,0.02821573297984663,12.204519701682544
1341,35975.62,82.01170883281678,0.027796602254526813,12.193380850514025
1351,36514.020000000004,82.08600337960199,0.027386740764232476,12.182344843560694
1361,37056.42,82.15975002651466,0.026985877211020387,12.171409962631085
1371,37602.82,82.23295679562314,0.026593750149589843,12.160574530785023
1381,38153.22,82.30563153409291,0.02621010756103941,12.149836911047535
1391,38707.62,82.37778191923442,0.02583470644798104,12.139195505171882
1401,39266.020000000004,82.44941546337006,0.02546731244979756,12.128648752449575
1411,39828.42,82.52053951852814,0.02510769947690619,12.118195128565203
1421,40394.82,82.59116128097101,0.024755649362962876,12.107833144494117
1431,40965.22,82.6612877955645,0.024410951534008605,12.09756134544106
1441,41539.62,82.73092595999522,0.02407340269362117,12.087378309817938
1451,42118.020000000004,82.80008252884188,0.023742806523193632,12.077282648259057
1461,42700.42,82.868764117507,0.0234189733965146,12.067273002672165
1471,43286.82,82.93697720601438,0.02310172010787579,12.057348045323776
1481,43877.22,83.00472814267798,0.022790869612979128,12.047506477957329
1491,44471.62,83.07202314764739,0.022486250781959368,12.037747030942754
1501,45070.020000000004,83.13886831633462,0.022187698163879225,12.028068462456158
1511,45672.42,83.20526962272739,0.02189505176209187,12.018469557688347
1521,46278.82,83.27123292259293,0.021608156819901633,12.008949128080973
1531,46889.22,83.33676395657683,0.021326863615986787,11.999506010589235
1541,47503.62,83.40186835320115,0.021051027269079703,11.990139066969927
1551,48122.020000000004,83.46655163176538,0.02078050755142864,11.980847183093926
1561,48744.42,83.53081920515432,0.020515168710592925,11.97162926828203
1571,49370.82,83.59467638255622,0.020254879299148768,11.962484254663266
1581,50001.22,83.65812837209472,0.01999951201190691,11.953411096554763
1591,50635.62,83.72118028337786,0.019748943530265847,11.944408769862285
1601,51274.020000000004,83.78383712996714,0.01950305437334541,11.935476271500676
1611,51916.42,83.84610383176974,0.019261728755565196,11.926612618833394
1621,52562.82,83.90798521735677,0.019024854450351028,11.917816849130412
1631,53213.22,83.96948602621013,0.01879232265966991,11.909088019043741
1641,53867.62,84.0306109109009,0.018564027889110376,11.900425204099934
1651,54526.020000000004,84.09136443920127,0.018339867828240534,11.891827498208903
1661,55188.42,84.15175109613295,0.01811974323599045,11.883294013188435
1671,55854.82,84.21177528595393,0.017903557830819258,11.874823878303804
1681,56525.22,84.27144133408615,0.017691218185440057,11.86641623982192
1691,57199.62,84.3307534889858,0.017482633625887724,11.858070260579458
1701,57878.020000000004,84.38971592395862,0.0172777161347261,11.849785119564498
1711,58560.42,84.44833273892193,0.0170763802582017,11.841560011511081
1721,59246.82,84.5066079621154,0.01687854301716109,11.833394146506311
1731,59937.22,84.5645455517621,0.016684123821558625,11.825286749609484
1741,60631.62,84.6221493976819,0.016493044388390082,11.817237060482816
1751,61330.020000000004,84.67942332285851,0.016305228662896243,11.809244333033362
1761,62032.42,84.73637108496206,0.016120602742888315,11.801307835065732
1771,62738.82,84.79299637782833,0.01593909480605469,11.793426847945192
1781,63449.22,84.84930283289661,0.015760635040115545,11.78560066627081
1791,64163.62,84.90529402060712,0.015585155575698503,11.777828597558274
1801,64882.020000000004,84.96097345175956,0.015412590421814856,11.770109961932055
1811,65604.42,85.01634457883414,0.015242875403821876,11.762444091826577
1821,66330.82,85.07141079727607,0.015075948103762322,11.754830331696102
1831,67061.22,85.12617544674511,0.014911747802977637,11.747268037732994
1841,67795.62,85.18064181233078,0.01475021542689631,11.739756577594132
1851,68534.02,85.23481312573497,0.014591293491903728,11.73229533013512
1861,69276.42,85.28869256642251,0.014434926054204303,11.724883685152093
1871,70022.82,85.34228326274089,0.014281058660590932,11.717521043130848
1881,70773.22,85.3955882930103,0.014129638301040987,11.710206815003003
1891,71527.62,85.44861068658457,0.01398061336306171,11.702940421909048
1901,72286.02,85.50135342488429,0.013833933587711704,11.69572129496795
1911,73048.42,85.55381944240273,0.013689550027228515,11.688548875053188
1921,73814.82,85.60601162768556,0.013547415004195634,11.681422612574947
1931,74585.22,85.65793282428514,0.013407482072185346,11.67434196726829
1941,75359.62,85.7095858316901,0.013269705977816768,11.66730640798712
1951,76138.02,85.7609734062311,0.013134042624171208,11.660315412503742
1961,76920.42,85.81209826196346,0.013000449035509686,11.65336846731382
1971,77706.82,85.8629630715272,0.012868883323239839,11.646465067446611
1981,78497.22,85.9135704669855,0.01273930465308198,11.63960471628025
1991,79291.62,85.96392304064196,0.012611673213386233,11.632786925361943
2001,80090.02,86.01402334583733,0.012485950184554829,11.626011214232955
2011,80892.42,86.06387389772652,0.012362097709525812,11.619277110258178
2021,81698.82,86.1134771740362,0.012240078865276144,11.612584148460176
2031,82509.22,86.16283561580384,0.012119857635304272,11.605931871357559
2041,83323.62,86.21195162809845,0.012001398883053809,11.599319828807554
2051,84142.02,86.2608275807238,0.011884668326241752,11.59274757785264
2061,84964.42,86.30946580890459,0.011769632512056224,11.586214682571114
2071,85790.82,86.35786861395584,0.011656258793190226,11.579720713931506
2081,86621.22,86.40603826393634,0.011544515304679384,11.573265249650664
2091,87455.62,86.45397699428634,0.011434370941512964,11.566847874055453
2101,88294.02,86.50168700845,0.011325795336988846,11.560468177947952
2111,89136.42,86.5491704784832,0.011218758841784313,11.554125758473997
2121,89982.82,86.59642954564683,0.011113232503715709,11.54782021899504
2131,90833.22,86.64346632098616,0.011009188048161235,11.541551168963183
2141,91687.62,86.69028288589683,0.010906597859122093,11.535318223799273
2151,92546.02,86.7368812926773,0.010805434960898372,11.52912100477406
2161,93408.42,86.78326356506885,0.010705673000356927,11.522959138892194
2171,94274.82,86.82943169878291,0.010607286229769518,11.516832258779104
2181,95145.22,86.8753876620163,0.010510249490200348,11.510740002570609
2191,96019.62,86.92113339595467,0.010414538195422977,11.504682013805175
2201,96898.02,86.96667081526462,0.010320128316347434,11.498657941318795
2211,97780.42,87.01200180857447,0.010226996365939111,11.49266743914236
2221,98666.82,87.05712823894427,0.010135119384611766,11.486710166401497
2231,99557.22,87.10205194432532,0.010044474926077686,11.480785787218755
2241,100451.62,87.14677473800927,0.009955041043638719,11.474893970618142
2251,101350.02,87.19129840906733,0.00986679627690256,11.469034390431862
2261,102252.42,87.2356247227797,0.00977971963890928,11.463206725209266
2271,103158.82,87.27975542105558,0.009693790603653666,11.457410658127916
2281,104069.22,87.32369222284387,0.009608989093989558,11.451645876906703
2291,104983.62,87.36743682453495,0.00952529546990283,11.445912073720985
2301,105902.02,87.41099090035365,0.009442690517140277,11.440208945119672
2311,106824.42,87.45435610274382,0.009361155436182102,11.434536191944197
2321,107750.82,87.49753406274436,0.009280671831546154,11.42889351924937
2331,108681.22,87.54052639035757,0.009201221701412627,11.423280636225968
2341,109615.62,87.58333467490911,0.009122787427558227,11.417697256125145
2351,110554.02,87.6259604854007,0.009045351765589347,11.412143096184485
2361,111496.42,87.66840537085513,0.008968897835464134,11.406617877555743
2371,112442.82,87.71067086065405,0.008893409112293697,11.401121325234191
2381,113393.22,87.75275846486862,0.00881886941741314,11.39565316798953
2391,114347.62,87.79466967458325,0.008745262909713381,11.390213138298328
2401,115306.02,87.83640596221252,0.008672574077225109,11.384800972277974
2411,116268.42,87.8779687818117,0.008600787728946518,11.379416409622024
2421,117234.82,87.91935956938059,0.00852988898690679,11.374059193537017
2431,118205.22,87.96057974316123,0.008459863278457585,11.368729070680644
2441,119179.62,88.00163070392959,0.008390696328785073,11.363425791101237
2451,120158.02,88.04251383528113,0.008322374153635355,11.358149108178596
2461,121140.42,88.08323050391056,0.00825488305224631,11.352898778566074
2471,122126.82,88.1237820598861,0.00818820960047924,11.347674562133886
2481,123117.22,88.164169836918,0.00812234064414385,11.34247622191366
2491,124111.62,88.2043951526218,0.008057263292510403,11.33730352404413
2501,125110.02,88.24445930877619,0.007992964912003051,11.332156237717998
2511,126112.42,88.28436359157584,0.007929433120068587,11.327034135129912
2521,127118.82,88.3241092718792,0.007866655779215068,11.321936991425533
2531,128129.22,88.36369760545124,0.0078046209912149625,11.316864584651663
2541,129143.62000000001,88.40312983320163,0.007743317091467623,11.31181669570741
2551,130162.02,88.4424071814181,0.007682732643516135,11.306793108296375
2561,131184.42,88.48153086199525,0.007622856433713698,11.301793608879814
2571,132210.82,88.52050207265889,0.007563677466034928,11.296817986630778
2581,133241.22,88.55932199718613,0.007505184957027562,11.291866033389166
2591,134275.62,88.59799180562109,0.007447368330900279,11.286937543617722
2601,135314.02,88.63651265448651,0.007390217214742419,11.282032314358919
2611,136356.42,88.67488568699129,0.007333721433871613,11.277150145192701
2621,137402.82,88.71311203323407,0.007277871007305381,11.2722908381951
2631,138453.22,88.75119281040293,0.0072226561433529676,11.26745419789767
2641,139507.62,88.78912912297132,0.007168067235323777,11.262640031247726
2651,140566.02,88.82692206289025,0.007114094857348882,11.257848147569396
2661,141628.42,88.8645727097769,0.007060729760312231,11.253078358525432
2671,142694.82,88.9020821310996,0.007007962867888266,11.248330478079787
2681,143765.22,88.9394513823596,0.006955785272682781,11.243604322460907
2691,144839.62,88.97668150726906,0.00690418823247396,11.238899710125779
2701,145918.02,89.01377353792614,0.006853163166550643,11.234216461724651
2711,147000.42,89.05072849498664,0.006802701652144939,11.22955440006645
2721,148086.82,89.08754738783246,0.006752795420956436,11.224913350084881
2731,149177.22,89.12423121473705,0.0067034363557653106,11.220293138805173
2741,150271.62,89.16078096302786,0.006654616487131768,11.215693595311466
2751,151370.02,89.19719760924575,0.0066063279901792974,11.211114550714818
2761,152472.42,89.23348211930154,0.006558563181459308,11.206555838121846
2771,153578.82,89.26963544862978,0.0065113145158948345,11.202017292603934
2781,154689.22,89.30565854233964,0.006464574583800992,11.19749875116706
2791,155803.62,89.34155233536322,0.006418336107980033,11.193000052722159
2801,156922.02,89.37731775260107,0.006372591940888857,11.188521038056077
2811,158044.42,89.41295570906532,0.006327335061876907,11.184061549803044
2821,159170.82,89.44846711001996,0.006282558574492485,11.179621432416706
2831,160301.22,89.483852851119,0.006238255703855529,11.175200532142654
2841,161435.62,89.51911381854187,0.006194419794095008,11.170798696991486
2851,162574.02,89.55425088912672,0.006151044305849115,11.166415776712343
2861,163716.42,89.5892649305011,0.006108122813826493,11.162051622766972
2871,164862.82,89.62415680121063,0.0060656490044268315,11.15770608830422
2881,166013.22,89.65892735084529,0.006023616673419141,11.15337902813503
2891,167167.62,89.69357742016345,0.005982019723676152,11.14907029870788
2901,168326.02,89.72810784121404,0.005940852162963278,11.144779758084663
2911,169488.42,89.76251943745622,0.005900108101780641,11.140507265917034
2921,170654.82,89.7968130238774,0.005859781751256718,11.136252683423132
2931,171825.22,89.83098940710892,0.0058198674210922004,11.132015873364782
2941,172999.62,89.86504938553995,0.005780359517552697,11.127796700025055
2951,174178.02,89.8989937494294,0.005741252541508969,11.123595029186266
2961,175360.42,89.93282328101591,0.005702541086523401,11.119410728108342
2971,176546.82,89.96653875462607,0.0056642198369814874,11.115243665507585
2981,177737.22,90.00014093678072,0.005626283566267099,11.1110937115358
2991,178931.62,90.03363058629947,0.005588727134980391,11.106960737759822
3001,180130.02,90.06700845440366,0.005551545489197192,11.102844617141349
3011,181332.42,90.10027528481734,0.0055147336587687956,11.098745224017184
3021,182538.82,90.13343181386672,0.00547828675566107,11.094662434079797
3031,183749.22,90.16647877057804,0.005442199972331856,11.090596124358214
3041,184963.62,90.19941687677365,0.005406468580145652,11.086546173199263
3051,186182.02,90.23224684716669,0.00537108792782461,11.082512460249129
3061,187404.42,90.26496938945412,0.0053360534399348744,11.078494866435223
3071,188630.82,90.29758520440822,0.005301360615407386,11.074493273948384
3081,189861.22,90.33009498596668,0.005267005026092216,11.070507566225364
3091,191095.62,90.36249942132116,0.0052329823153455845,11.066537627931622
3101,192334.02,90.3947991910045,0.005199288196648727,11.062583344944402
3111,193576.42,90.42699496897637,0.00516591845225777,11.05864460433612
3121,194822.82,90.4590874227078,0.005132868931883852,11.054721294358002
3131,196073.22,90.49107721326406,0.005100135551402685,11.050813304424022
3141,197327.62,90.52296499538647,0.005067714291592834,11.046920525095098
3151,198586.02000000002,90.55475141757273,0.005035601196901977,11.043042848063559
3161,199848.42,90.58643712215618,0.005003792374240436,11.03918016613785
3171,201114.82,90.61802274538348,0.0049722839918013,11.03533237322754
3181,202385.22,90.64950891749143,0.0049410722779064595,11.031499364328528
3191,203659.62,90.68089626278244,0.0049101535198779215,11.027681035508506
3201,204938.02000000002,90.71218539969863,0.0048795240629337586,11.023877283892691
3211,206220.42,90.74337694089513,0.004849180309108089,11.020088007649758
3221,207506.82,90.77447149331199,0.004819118716194485,11.016313105978009
3231,208797.22,90.80546965824497,0.004789335796712236,11.01255247909179
3241,210091.62,90.83637203141548,0.004759828116894905,11.008806028208095
3251,211390.02000000002,90.86717920303904,0.00473059229570062,11.005073655533428
3261,212692.42,90.89789175789319,0.004701625003843578,11.001355264250826
3271,213998.82,90.92851027538384,0.004672922962846243,10.997650758507147
3281,215309.22,90.95903532961101,0.004644482944111729,10.993960043400524
3291,216623.62,90.9894674894334,0.00461630176801588,10.990283024968027
3301,217942.02000000002,91.01980731853192,0.004588376303018573,10.986619610173541
3311,219264.42,91.05005537547245,0.004560703464793786,10.98296970689581
3321,220590.82,91.08021221376747,0.0045332802153779566,10.979333223916692
3331,221921.22,91.1102783819368,0.00450610356233622,10.97571007090959
3341,223255.62,91.14025442356755,0.004479170557946089,10.972100158428068
3351,224594.02000000002,91.1701408773731,0.004452478298398149,10.968503397894642
3361,225936.42,91.19993827725105,0.004426023923013386,10.964919701589759
3371,227282.82,91.2296471523406,0.0043998046134767245,10.961348982640933
3381,228633.22,91.25926802707886,0.004373817593086429,10.957791155012064
3391,229987.62,91.28880142125638,0.004348060126018957,10.954246133492912
3401,231346.02000000002,91.31824785007196,0.00432252951660893,10.95071383368874
3411,232708.42,91.34760782418645,0.004297223108643855,10.94719417201012
3421,234074.82,91.37688184977604,0.004272138284673251,10.943687065662889
3431,235445.22,91.4060704285845,0.004247272465331851,10.940192432638261
3441,236819.62,91.4351740579748,0.004222623108676553,10.936710191703101
3451,238198.02000000002,91.46419323098003,0.0041981877095367956,10.933240262390331
3461,239580.42,91.49312843635344,0.004173963798878055,10.92978256498949
3471,240966.82,91.52198015861786,0.0041499489431781516,10.926337020537446
3481,242357.22,91.55074887811439,0.004126140743816091,10.922903550809233
3491,243751.62,91.57943507105037,0.004102536836473128,10.91948207830903
3501,245150.02000000002,91.60803920954665,0.004079134890545797,10.9160725262613
3511,246552.42,91.63656176168432,0.0040559326085706235,10.912674818602007
3521,247958.82,91.66500319155051,0.004032927725660253,10.909288879970038
3531,249369.22,91.69336395928386,0.004010118008950744,10.905914635698684
3541,250783.62,91.72164452111903,0.003987501257059771,10.902552011807296
3551,252202.02000000002,91.74984532943087,0.003965075299555491,10.899200934993043
3561,253624.42,91.77796683277778,0.003942837996435832,10.895861332622786
3571,255050.82,91.80600947594448,0.003920787237617978,10.892533132725102
3581,256481.22,91.83397369998433,0.003898920942437813,10.889216263982386
3591,257915.62,91.86185994226082,0.003877237059159116,10.8859106557231
3601,259354.02000000002,91.88966863648875,0.0038557335644922716,10.882616237914117
3611,260796.42,91.91740021277457,0.003834408463122308,10.879332941153194
3621,262242.82,91.94505509765641,0.003813259787246034,10.876060696661533
3631,263693.22000000003,91.97263371414336,0.003792285596118095,10.872799436276468
3641,265147.62,92.00013648175434,0.00377148397560574,10.86954909244425
3651,266606.02,92.02756381655635,0.0037508530377521106,10.866309598212938
3661,268068.42,92.05491613120236,0.0037303909203478727,10.863080887225383
3671,269534.82,92.08219383496834,0.003710095786510997,10.859862893712341
3681,271005.22000000003,92.10939733379021,0.0036899658242745283,10.856655552485645
3691,272479.62,92.13652703029999,0.0036699992461821547,10.853458798931507
3701,273958.02,92.16358332386156,0.0036501942888914145,10.850272569003897
3711,275440.42,92.19056661060597,0.0036305492127843837,10.847096799218024
3721,276926.82,92.21747728346622,0.003611062301585668,10.843931426643907
3731,278417.22000000003,92.24431573221156,0.003591731861987559,10.840776388900045
3741,279911.62,92.27108234348145,0.003572556223282192,10.837631624147146
3751,281410.02,92.29777750081887,0.0035535337370005515,10.834497071081998
3761,282912.42,92.32440158470337,0.0035346627765582015,10.831372668931369
3771,284418.82,92.35095497258357,0.0035159417369075648,10.82825835744603
3781,285929.22000000003,92.37743803890933,0.0034973690341966444,10.825154076894842
3791,287443.62,92.40385115516334,0.0034789431054340326,10.822059768058942
3801,288962.02,92.43019468989247,0.003460662408160076,10.818975372225989
3811,290484.42,92.4564690087386,0.003442525420124081,10.815900831184504
3821,292010.82,92.482674474469,0.003424530638967419,10.812836087218288
3831,293541.22000000003,92.5088114470065,0.003406676581912414,10.809781083100914
3841,295075.62,92.53488028345905,0.003388961785456894,10.806735762090284
3851,296614.02,92.5608813381491,0.0033713848050742844,10.803700067923279
3861,298156.42,92.58681496264236,0.0033539442149191356,10.800673944810475
3871,299702.82,92.61268150577648,0.0033366386075379603,10.797657337430918
3881,301253.22000000003,92.63848131368906,0.00331946659358529,10.79465019092699
3891,302807.62,92.66421472984554,0.0033024268015448225,10.791652450899337
3901,304366.02,92.68988209506657,0.0032855178774555713,10.788664063401859
3911,305928.42,92.71548374755513,0.003268738484642911,10.785684974936775
3921,307494.82,92.74102002292331,0.0032520873034544125,10.782715132449745
3931,309065.22000000003,92.76649125421861,0.0032355630310003823,10.779754483325082
3941,310639.62,92.79189777195003,0.003219164380898998,10.776802975380992
3951,312218.02,92.8172399041139,0.003202890083025957,10.773860556864904
3961,313800.42,92.84251797621917,0.003186738883268544,10.77092717644885
3971,315386.82,92.86773231131251,0.003170709543284022,10.76800278322492
3981,316977.22000000003,92.89288323000318,0.003154800840262275,10.765087326700751
3991,318571.62,92.91797105048732,0.0031390115666926014,10.762180756795113
4001,320170.02,92.94299608857236,0.0031233405301345826,10.7592830238335
4011,321772.42,92.96795865770052,0.003107786552992951,10.756394078543858
4021,323378.82,92.99285906897273,0.0030923484722963613,10.75351387205227
4031,324989.22000000003,93.01769763117166,0.0030770251394800106,10.750642355878787
4041,326603.62,93.04247465078474,0.0030618154201720116,10.747779481933263
4051,328222.02,93.0671904320269,0.0030467181939834503,10.744925202511252
4061,329844.42,93.09184527686298,0.003031732354302068,10.74207947028997
4071,331470.82,93.11643948502979,0.003016856808089472,10.739242238324294
4081,333101.22000000003,93.14097335405805,0.003002090475681836,10.736413460042836
4091,334735.62,93.16544717929398,0.002987432290593992,10.733593089244035
4101,336374.02,93.18986125392058,0.002972881199326868,10.730781080092328
4111,338016.42,93.21421586897878,0.002958436161178206,10.72797738711435
4121,339662.82,93.23851131338816,0.0029440961480564753,10.725181965195208
4131,341313.22000000003,93.26274787396764,0.002929860144297956,10.722394769574757
4141,342967.62,93.28692583545568,0.00291572714648689,10.719615755843986
4151,344626.02,93.3110454805304,0.002901696163278675,10.716844879941386
4161,346288.42,93.3351070898294,0.002887766215226025,10.714082098149417
4171,347954.82,93.35911094196945,0.002873936334608039,10.711327367090977
4181,349625.22000000003,93.38305731356564,0.0028602055652621394,10.708580643725949
4191,351299.62,93.4069464792507,0.002846572962418804,10.705841885347773
4201,352978.02,93.43077871169382,0.002833037592539048,10.703111049580064
4211,354660.42,93.45455428161927,0.002819598533154616,10.700388094373277
4221,356346.82,93.47827345782498,0.0028062548727108044,10.697672978001401
4231,358037.22000000003,93.50193650720067,0.002793005710411895,10.69496565905872
4241,359731.62,93.5255436947459,0.002779850156069127,10.692266096456578
4251,361430.02,93.5490952835879,0.0027667873299511755,10.689574249420222
4261,363132.42,93.57259153499912,0.002753816362637079,10.686890077485652
4271,364838.82,93.59603270841467,0.002740936394871576,10.684213540496529
4281,366549.22000000003,93.61941906144946,0.0027281465774228082,10.681544598601118
4291,368263.62,93.64275084991525,0.002715446070942332,10.678883212249259
4301,369982.02,93.66602832783735,0.002702834045827416,10.676229342189393
4311,371704.42,93.68925174747135,0.002690309682085567,10.673582949465597
4321,373430.82,93.71242135931934,0.002677872169201246,10.67094399541469
4331,375161.22000000003,93.73553741214627,0.002665520706004741,10.668312441663344
4341,376895.62,93.75860015299594,0.0026532545005431476,10.665688250125248
4351,378634.02,93.7816098272068,0.0026410727699534235,10.66307138299829
4361,380376.42,93.80456667842766,0.0026289747403374793,10.660461802761796
4371,382122.82,93.82747094863313,0.0026169596466392663,10.657859472173781
4381,383873.22000000003,93.85032287813898,0.002605026732523826,10.655264354268246
4391,385627.62,93.87312270561716,0.0025931752502582673,10.652676412352502
4401,387386.02,93.8958706681109,0.0025814044605946287,10.650095610004518
4411,389148.42,93.9185670010494,0.0025697136326546053,10.647521911070326
4421,390914.82,93.94121193826243,0.0025581020438160927,10.64495527966143
4431,392685.22000000003,93.9638057119949,0.002546568979601524,10.642395680152253
4441,394459.62,93.98634855292102,0.002535113733567963,10.639843077177625
4451,396238.02,94.00884069015854,0.0025237356071989253,10.637297435630291
4461,398020.42,94.03128235128264,0.0025124339097978943,10.63475872065845
4471,399806.82,94.05367376233981,0.002501207958383501,10.632226897663317
4481,401597.22000000003,94.07601514786143,0.0024900570775863435,10.62970193229674
4491,403391.62,94.09830673087738,0.0024789805995474074,10.627183790458796
4501,405190.02,94.12054873292932,0.002467977863818067,10.624672438295471
4511,406992.42,94.14274137408397,0.0024570482172616387,10.622167842196323
4521,408798.82,94.16488487294606,0.002446191013956449,10.619669968792198
4531,410609.22000000003,94.18697944667137,0.002435405615100411,10.617178784952962
4541,412423.62,94.20902531097951,0.0024246913889170558,10.614694257785255
4551,414242.02,94.23102268016642,0.002414047710563018,10.612216354630291
4561,416064.42,94.252971767117,0.0024034739620369364,10.609745043061658
4571,417890.82,94.27487278331745,0.0023929695320897455,10.607280290883155
4581,419721.22000000003,94.29672593886743,0.002382533816136339,10.604822066126665
4591,421555.62,94.31853144249223,0.0023721662161685806,10.602370337050028
4601,423394.02,94.34028950155468,0.0023618661406696294,10.59992507213496
4611,425236.42,94.36200032206706,0.0023516330045295743,10.59748624008498
4621,427082.82,94.38366410870266,0.0023414662289623356,10.595053809823376
4631,428933.22000000003,94.40528106480753,0.002331365241423828,10.592627750491182
4641,430787.62,94.42685139241176,0.0023213294755313535,10.590208031445185
4651,432646.02,94.44837529224097,0.0023113583709842055,10.587794622255943
4661,434508.42,94.46985296372742,0.002301451373485467,10.585387492705841
4671,436374.82,94.49128460502108,0.0022916079346649745,10.582986612787165
4681,438245.22000000003,94.5126704130007,0.0022818275120034394,10.580591952700184
4691,440119.62,94.53401058328458,0.0022721095687576937,10.578203482851272
4701,441998.02,94.55530531024131,0.0022624535738870505,10.575821173851043
4711,443880.42,94.5765547870004,0.0022528590019807587,10.573444996512503
4721,445766.82,94.59775920546286,0.00224332533318653,10.571074921849224
4731,447657.22000000003,94.61891875631147,0.0022338520531401235,10.56871092107355
4741,449551.62,94.64003362902118,0.0022244386528959678,10.566352965594806
4751,451450.02,94.66110401186921,0.002215084628858805,10.564001027017534
4761,453352.42,94.6821300919452,0.002205789482716338,10.561655077139758
4771,455258.82,94.70311205516106,0.0021965527213728664,10.55931508795125
4781,457169.22000000003,94.72405008626103,0.0021873738568838905,10.556981031631818
4791,459083.62,94.74494436883121,0.0021782524063916724,10.554652880549643
4801,461002.02,94.76579508530939,0.002169187892061731,10.552330607259583
4811,462924.42,94.78660241699453,0.0021601798410202685,10.550014184501538
4821,464850.82,94.80736654405621,0.0021512277852924946,10.547703585198816
4831,466781.22000000003,94.82808764554406,0.00214233126174185,10.545398782456514
4841,468715.62,94.84876589939694,0.0021334898120101056,10.543099749559927
4851,470654.02,94.86940148245216,0.0021247029824583248,10.54080645997296
4861,472596.42,94.88999457045455,0.002115970324108676,10.538518887336572
4871,474542.82,94.91054533806542,0.00210729139258708,10.536237005467228
4881,476493.22000000003,94.93105395887147,0.0020986657480666776,10.53396078835537
4891,478447.62,94.95152060539357,0.0020900929552121086,10.531690210163907
4901,480406.02,94.97194544909547,0.0020815725831245828,10.529425245226712
4911,482368.42,94.99232866039245,0.0020731042052877344,10.527165868047145
4921,484334.82,95.01267040865977,0.002064687399514245,10.524912053296596
4931,486305.22000000003,95.03297086224126,0.0020563217478932264,10.522663775813017
4941,488279.62,95.0532301884575,0.002048006836738343,10.520421010599511
4951,490258.02,95.07344855361423,0.00203974225653667,10.5181837328229
4961,492240.42,95.09362612301048,0.0020315276018982756,10.515951917812322
4971,494226.82,95.11376306094672,0.002023362471506504,10.513725541057848
4981,496217.22000000003,95.13385953073283,0.002015246468068964,10.511504578209104
4991,498211.62,95.15391569469608,0.0020071791982692014,10.509289005073917
5001,500210.02,95.17393171418904,0.001999160272719047,10.507078797616959
5011,502212.42,95.19390774959724,0.00199118930591163,10.504873931958434
5021,504218.82,95.21384396034705,0.001983265916175045,10.502674384372739
5031,506229.22000000003,95.23374050491319,0.0019753897256266635,10.50048013128718
5041,508243.62,95.2535975408263,0.001967560360128082,10.498291149280671
5051,510262.02,95.27341522468052,0.001959777449240686,10.496107415082466
5061,512284.42,95.29319371214078,0.0019520406261818387,10.493928905570886
5071,514310.82,95.31293315795018,0.0019443495277816632,10.49175559777208
5081,516341.22000000003,95.33263371593732,0.0019367037944404283,10.489587468858778
5091,518375.62,95.35229553902337,0.0019291030700865138,10.487424496149076
5101,520414.02,95.37191877922925,0.001921547002134954,10.485266657105225
5111,522456.42,95.39150358768279,0.0019140352414465497,10.48311392933241
5121,524502.8200000001,95.4110501146255,0.001906567442287536,10.480966290577602
5131,526553.22,95.43055850941965,0.0018991432622898023,10.478823718728348
5141,528607.62,95.45002892055506,0.0018917623624116506,10.47668619181163
5151,530666.02,95.46946149565585,0.0018844244068990886,10.47455368799271
5161,532728.42,95.48885638148727,0.0018771290632476486,10.472426185573976
5171,534794.8200000001,95.50821372396221,0.0018698760021647178,10.470303662993839
5181,536865.22,95.52753366814787,0.0018626648975323826,10.4681860988256
5191,538939.62,95.5468163582723,0.0018554954263707685,10.466073471776348
5201,541018.02,95.56606193773072,0.0018483672688018784,10.463965760685875
5211,543100.42,95.58527054909214,0.0018412801080139101,10.461862944525587
5221,545186.8200000001,95.60444233410551,0.0018342336302260569,10.459765002397429
5231,547277.22,95.6235774337061,0.0018272275246537762,10.45767191353283
5241,549371.62,95.64267598802167,0.0018202614834745194,10.455583657291651
5251,551470.02,95.66173813637859,0.0018133352017939252,10.453500213161153
5261,553572.42,95.68076401730806,0.0018064483776124539,10.451421560754952
5271,555678.8200000001,95.69975376855206,0.0017996007117924702,10.449347679812009
5281,557789.22,95.71870752706931,0.0017927919080257594,10.447278550195628
5291,559903.62,95.73762542904132,0.0017860216728014726,10.445214151892442
5301,562022.02,95.75650760987806,0.0017792897153744971,10.44315446501144
5311,564144.42,95.77535420422399,0.0017725957477342414,10.441099469782978
5321,566270.8200000001,95.79416534596369,0.0017659394845738296,10.43904914655781
5331,568401.22,95.81294116822761,0.001759320643259703,10.437003475806131
5341,570535.62,95.8316818033977,0.0017527389438016158,10.43496243811663
5351,572674.02,95.85038738311304,0.0017461941088230263,10.432926014195539
5361,574816.42,95.86905803827537,0.0017396858635318733,10.430894184865712
5371,576962.8200000001,95.88769389905458,0.0017332139356917313,10.428866931065693
5381,579113.22,95.90629509489419,0.0017267780555933433,10.426844233848811
5391,581267.62,95.92486175451668,0.00172037795602652,10.424826074382269
5401,583426.02,95.9433940059289,0.0017140133722524065,10.422812433946252
5411,585588.42,95.96189197642735,0.0017076840419761033,10.420803293933032
5421,587754.8200000001,95.98035579260339,0.0017013897053196432,10.418798635846105
5431,589925.22,95.99878558034845,0.0016951301047953163,10.416798441299305
5441,592099.62,96.01718146485925,0.0016889049852793353,10.414802692015948
5451,594278.02,96.03554357064282,0.0016827140939858418,10.412811369827981
5461,596460.42,96.05387202152153,0.0016765571804412435,10.410824456675137
5471,598646.8200000001,96.07216694063825,0.0016704339964588803,10.408841934604087
5481,600837.22,96.09042845046116,0.0016643442961140125,10.406863785767632
5491,603031.62,96.10865667278873,0.0016582878357191287,10.40488999242386
5501,605230.02,96.12685172875457,0.001652264373799568,10.402920536935348
5511,607432.42,96.14501373883235,0.00164627367106945,10.400955401768345
5521,609638.8200000001,96.16314282284044,0.0016403154904079105,10.398994569491986
5531,611849.22,96.18123909994678,0.0016343895968356388,10.397038022777494
5541,614063.62,96.1993026886735,0.0016284957574917074,10.395085744397397
5551,616282.02,96.2173337069016,0.0016226337416106996,10.393137717224757
5561,618504.42,96.23533227187563,0.0016168033205001186,10.391193924232397
5571,620730.8200000001,96.25329850020816,0.0016110042675180844,10.389254348492145
5581,622961.22,96.27123250788432,0.0016052363580513086,10.387318973174079
5591,625195.62,96.28913441026646,0.0015994993694933436,10.385387781545774
5601,627434.02,96.30700432209832,0.0015937930812231062,10.383460756971576
5611,629676.42,96.32484235750972,0.0015881172745836661,10.381537882911859
5621,631922.8200000001,96.34264863002075,0.001582471732861301,10.379619142922298
5631,634173.22,96.36042325254618,0.0015768562412648078,10.377704520653156
5641,636427.62,96.37816633739975,0.001571270586905075,10.375793999848574
5651,638686.02,96.39587799629844,0.0015657145587749048,10.373887564345848
5661,640948.42,96.41355834036659,0.0015601879477290855,10.371985198074764
5671,643214.8200000001,96.43120748014027,0.0015546905464647097,10.370086885056864
5681,645485.22,96.44882552557127,0.0015492221495017346,10.36819260940479
5691,647759.62,96.46641258603124,0.00154378255316378,10.36630235532159
5701,650038.02,96.48396877031581,0.0015383715555591655,10.364416107100055
5711,652320.42,96.50149418664861,0.0015329889565621753,10.36253384912204
5721,654606.8200000001,96.51898894268528,0.001527634557794555,10.360655565857803
5731,656897.22,96.53645314551737,0.001522308162607234,10.358781241865364
5741,659191.62,96.55388690167638,0.0015170095760622686,10.356910861789842
5751,661490.02,96.57129031713754,0.0015117386049150069,10.355044410362819
5761,663792.42,96.58866349732384,0.0015064950575964695,10.35318187240169
5771,666098.8200000001,96.60600654710967,0.0015012787441959436,10.351323232809055
5781,668409.22,96.62331957082475,0.001496089476443787,10.34946847657207
5791,670723.62,96.6406026722579,0.0014909270676944403,10.347617588761837
5801,673042.02,96.65785595466063,0.0014857913329096451,10.345770554532791
5811,675364.42,96.67507952075105,0.0014806820886418624,10.343927359122084
5821,677690.8200000001,96.69227347271736,0.0014755991530178909,10.342087987848993
5831,680021.22,96.70943791222156,0.001470542345722682,10.340252426114308
5841,682355.62,96.72657294040309,0.001465511487983348,10.338420659399748
5851,684694.02,96.74367865788236,0.0014605064025533625,10.336592673267374
5861,687036.42,96.76075516476429,0.0014555269136969477,10.334768453359
5871,689382.8200000001,96.77780256064185,0.00145057284717365,10.332947985395627
5881,691733.22,96.79482094459956,0.0014456440302230969,10.331131255176857
5891,694087.62,96.81181041521688,0.0014407402915499344,10.329318248580341
5901,696446.02,96.82877107057168,0.0014358614613089469,10.327508951561208
5911,698808.42,96.84570300824369,0.0014310073710903483,10.32570335015151
5921,701174.8200000001,96.86260632531776,0.00142617785390525,10.32390143045967
5931,703545.22,96.87948111838728,0.0014213727441712988,10.322103178669943
5941,705919.62,96.89632748355741,0.0014165918776984836,10.320308581041862
5951,708298.02,96.91314551644851,0.0014118350916751115,10.318517623909708
5961,710680.42,96.92993531219926,0.0014071022246539449,10.316730293681971
5971,713066.8200000001,96.94669696546993,0.0014023931165385033,10.314946576840837
5981,715457.22,96.96343057044557,0.0013977076085695244,10.31316645994165
5991,717851.62,96.98013622083926,0.0013930455433115829,10.311389929612393
6001,720250.02,96.99681400989512,0.0013884067646398677,10.309616972553192
6011,722652.42,97.01346403039162,0.0013837911177271085,10.307847575535781
6021,725058.8200000001,97.03008637464448,0.0013791984490306591,10.306081725403018
6031,727469.22,97.04668113450987,0.0013746286062797269,10.304319409068377
6041,729883.62,97.06324840138741,0.0013700814384627511,10.302560613515446
6051,732302.02,97.07978826622322,0.001365556795814929,10.300805325797441
6061,734724.42,97.09630081951286,0.0013610545298058828,10.29905353303672
6071,737150.8200000001,97.11278615130433,0.0013565744931274715,10.297305222424296
6081,739581.22,97.1292443512011,0.0013521165396817405,10.295560381219357
6091,742015.62,97.14567550836485,0.001347680524569011,10.293818996748794
6101,744454.02,97.16207971151853,0.0013432663040761066,10.292081056406724
6111,746896.42,97.17845704894914,0.0013388737356647123,10.290346547654037
6121,749342.8200000001,97.1948076085107,0.0013345026779598688,10.28861545801791
6131,751793.22,97.21113147762688,0.001330152990738597,10.286887775091373
6141,754247.62,97.22742874329398,0.0013258245349186519,10.28516348653283
6151,756706.02,97.24369949208368,0.0013215171725474049,10.283442580065632
6161,759168.42,97.25994381014571,0.0013172307667908526,10.281725043477607
6171,761634.8200000001,97.27616178321065,0.0013129651819227487,10.280010864620634
6181,764105.22,97.29235349659274,0.0013087202833138608,10.278300031410184
6191,766579.62,97.30851903519232,0.001304495937421347,10.276592531824916
6201,769058.02,97.32465848349877,0.001300292011778253,10.274888353906203
6211,771540.42,97.34077192559303,0.001296108374983128,10.273187485757733
6221,774026.8200000001,97.35685944515019,0.0012919448966897554,10.27148991554508
6231,776517.22,97.37292112544222,0.0012878014475970025,10.26979563149527
6241,779011.62,97.38895704934043,0.0012836778994387787,10.268104621896374
6251,781510.02,97.40496729931812,0.001279574124974111,10.266416875097093
6261,784012.42,97.4209519574531,0.0012754899979773278,10.264732379506336
6271,786518.8200000001,97.4369111054302,0.0012714253932283527,10.26305112359283
6281,789029.22,97.4528448245438,0.0012673801865031057,10.261373095884696
6291,791543.62,97.4687531957003,0.0012633542545640126,10.25969828496907
6301,794062.02,97.48463629942054,0.0012593474751506186,10.25802667949169
6311,796584.42,97.50049421584238,0.0012553597269703064,10.2563582681565
6321,799110.8200000001,97.51632702472298,0.001251390889689117,10.25469303972527
6331,801641.22,97.53213480544126,0.0012474408439226716,10.253030983017206
6341,804175.62,97.54791763700032,0.001243509471227193,10.251372086908557
6351,806714.02,97.56367559802975,0.001239596654090628,10.249716340332247
6361,809256.42,97.57940876678803,0.001235702275923866,10.248063732277483
6371,811802.8200000001,97.59511722116487,0.0012318262210520528,10.24641425178939
6381,814353.22,97.61080103868346,0.0012279683747060028,10.244767887968637
6391,816907.62,97.62646029650281,0.0012241286230137013,10.243124629971062
6401,819466.02,97.64209507142002,0.0012203068529919032,10.24148446700732
6411,822028.42,97.65770543987257,0.001216502952537821,10.239847388342497
6421,824594.8200000001,97.67329147794047,0.0012127168104209046,10.238213383295783
6431,827165.22,97.68885326134863,0.00120894831627471,10.23658244124008
6441,829739.62,97.7043908654689,0.0012051973605888555,10.234954551601675
6451,832318.02,97.71990436532242,0.0012014638347010676,10.233329703859873
6461,834900.42,97.73539383558165,0.0011977476307893102,10.23170788754666
6471,837486.8200000001,97.75085935057265,0.0011940486418639995,10.230089092246345
6481,840077.22,97.76630098427717,0.0011903667617603059,10.228473307595227
6491,842671.62,97.7817188103347,0.0011867018851305327,10.226860523281255
6501,845270.02,97.79711290204469,0.0011830539074365845,10.225250729043685
6511,847872.42,97.81248333236861,0.0011794227249425095,10.223643914672747
6521,850478.8200000001,97.82783017393201,0.0011758082347071263,10.22204007000932
6531,853089.22,97.84315349902657,0.0011722103345767282,10.220439184944595
6541,855703.62,97.85845337961213,0.001168628923177864,10.21884124941975
6551,858322.02,97.87372988731876,0.0011650638999101991,10.217246253425634
6561,860944.42,97.88898309344876,0.0011615151649394509,10.215654187002432
6571,863570.8200000001,97.90421306897868,0.0011579826191903983,10.214065040239355
6581,866201.22,97.91941988456118,0.0011544661643399672,10.21247880327433
6591,868835.62,97.9346036105272,0.001150965702810389,10.210895466293671
6601,871474.02,97.9497643168877,0.0011474811377624316,10.209315019531784
6611,874116.42,97.96490207333578,0.0011440123730887012,10.207737453270843
6621,876762.8200000001,97.98001694924847,0.001140559313407017,10.206162757840493
6631,879413.22,97.99510901368868,0.0011371218640538517,10.204590923617552
6641,882067.62,98.01017833540713,0.0011336999310778465,10.203021941025693
6651,884726.02,98.02522498284421,0.0011302934212333892,10.20145580053516
6661,887388.42,98.04024902413178,0.0011269022419742641,10.199892492662462
6671,890054.8200000001,98.05525052709514,0.0011235263014473646,10.198332007970086
6681,892725.22,98.07022955925477,0.0011201655084864747,10.196774337066199
6691,895399.62,98.08518618782816,0.001116819772606113,10.195219470604366
6701,898078.02,98.10012047973171,0.0011134890039954436,10.193667399283248
6711,900760.42,98.11503250158239,0.0011101731135122477,10.192118113846337
6721,903446.8200000001,98.12992231969966,0.0011068720126769609,10.190571605081656
6731,906137.22,98.14479000010714,0.001103585613666769,10.189027863821487
6741,908831.62,98.15963560853439,0.0011003138293097681,10.187486880942089
6751,911530.02,98.17445921041869,0.0010970565730791838,10.185948647363425
6761,914232.42,98.18926087090676,0.0010938137590876507,10.184413154048881
6771,916938.8200000001,98.20404065485646,0.00109058530208155,10.182880392005004
6781,919649.22,98.21879862683842,0.0010873711174354066,10.181350352281225
6791,922363.62,98.23353485113792,0.0010841711211463435,10.17982302596959
6801,925082.02,98.24824939175639,0.001080985229828594,10.178298404204503
6811,927804.42,98.26294231241319,0.0010778133607080682,10.176776478162447
6821,930530.8200000001,98.27761367654719,0.0010746554316169775,10.175257239061741
6831,933261.22,98.2922635473185,0.001071511360988513,10.173740678162263
6841,935995.62,98.30689198760999,0.0010683810678515783,10.172226786765204
6851,938734.02,98.32149906002898,0.0010652644718255762,10.17071555621281
6861,941476.42,98.3360848269089,0.0010621614931152496,10.16920697788812
6871,944222.8200000001,98.35064935031076,0.0010590720525055727,10.167701043214722
6881,946973.22,98.3651926920248,0.0010559960713566957,10.166197743656506
6891,949727.62,98.37971491357207,0.0010529334715989411,10.164697070717411
6901,952486.02,98.394216076206,0.0010498841757278494,10.163199015941172
6911,955248.42,98.40869624091394,0.0010468481067992764,10.16170357091109
6921,958014.8200000001,98.42315546841863,0.001043825188424538,10.160210727249781
6931,960785.22,98.43759381917984,0.0010408153447656074,10.158720476618937
6941,963559.62,98.45201135339582,0.0010378185005303563,10.157232810719087
6951,966338.02,98.46640813100485,0.0010348345809678481,10.155747721289353
6961,969120.42,98.48078421168665,0.0010318635118636752,10.154265200107236
6971,971906.8200000001,98.49513965486398,0.001028905219535346,10.15278523898836
6981,974697.22,98.509474519704,0.0010259596308277148,10.151307829786248
6991,977491.62,98.52378886511985,0.0010230266731084611,10.149832964392091
7001,980290.02,98.53808274977197,0.0010201062742636103,10.148360634734535
7011,983092.42,98.55235623206967,0.0010171983626931025,10.146890832779425
7021,985898.8200000001,98.5666093701725,0.0010143028673064037,10.145423550529603
7031,988709.22,98.5808422219916,0.0010114197175181596,10.143958780024686
7041,991523.62,98.59505484519133,0.0010085488432438957,10.14249651334082
7051,994342.02,98.6092472971904,0.0010056901748957566,10.141036742590492
7061,997164.42,98.62341963516346,0.0010028436433782905,10.13957945992229
7071,999990.8200000001,98.63757191604239,0.001000009180084273,10.138124657520693
7081,1002821.22,98.65170419651774,0.000997186716890574,10.136672327605858
7091,1005655.62,98.66581653303996,0.0009943761861540635,10.135222462433408
7101,1008494.02,98.67990898182093,0.0009915775207075595,10.133775054294208
7111,1011336.42,98.69398159883518,0.0009887906538558159,10.132330095514176
7121,1014182.8200000001,98.70803443982125,0.0009860155193715469,10.130887578454054
7131,1017033.22,98.72206756028304,0.000983252051491494,10.12944749550921
7141,1019887.62,98.7360810154911,0.00098050018491253,10.128009839109433
7151,1022746.02,98.75007486048396,0.0009777598547877995,10.126574601718728
7161,1025608.42,98.76404915006938,0.0009750309967229013,10.125141775835115
7171,1028474.8200000001,98.77800393882575,0.0009723135467721027,10.123711353990414
7181,1031345.22,98.79193928110317,0.0009696074414345955,10.122283328750072
7191,1034219.62,98.80585523102495,0.0009669126176507849,10.12085769271294
7201,1037098.02,98.81975184248866,0.0009642290127986167,10.119434438511096
7211,1039980.42,98.8336291691676,0.000961556564689939,10.118013558809624
7221,1042866.8200000001,98.84748726451181,0.0009588952115668997,10.116595046306449
7231,1045757.22,98.86132618174952,0.0009562448920983783,10.115178893732127
7241,1048651.62,98.87514597388821,0.000953605545376452,10.113765093849656
7251,1051550.02,98.88894669371592,0.0009509771109128979,10.112353639454295
7261,1054452.42,98.90272839380246,0.0009483595286357255,10.11094452337336
7271,1057358.82,98.91649112650057,0.0009457527388857455,10.109537738466052
7281,1060269.22,98.93023494394711,0.0009431566824131705,10.108133277623267
7291,1063183.62,98.94395989806429,0.0009405713003742476,10.106731133767406
7301,1066102.02,98.95766604056085,0.0009379965343279248,10.105331299852192
7311,1069024.42,98.97135342293316,0.0009354323262325476,10.103933768862504
7321,1071950.82,98.98502209646642,0.0009328786184425885,10.10253853381418
7331,1074881.22,98.99867211223587,0.0009303353537054075,10.101145587753836
7341,1077815.62,99.01230352110781,0.0009278024751580423,10.099754923758706
7351,1080754.02,99.02591637374087,0.0009252799263240307,10.098366534936448
7361,1083696.42,99.03951072058705,0.0009227676511102621,10.096980414424978
7371,1086642.82,99.05308661189288,0.000920265593803859,10.09559655539229
7381,1089593.22,99.06664409770052,0.0009177736990690893,10.094214951036294
7391,1092547.62,99.08018322784886,0.0009152919119443049,10.09283559458463
7401,1095506.02,99.09370405197465,0.0009128201778389131,10.091458479294506
7411,1098468.42,99.10720661951359,0.0009103584425303733,10.090083598452528
7421,1101434.82,99.12069097970134,0.0009079066521612236,10.088710945374537
7431,1104405.22,99.13415718157468,0.0009054647532361356,10.08734051340543
7441,1107379.62,99.14760527397262,0.0009030326926189954,10.085972295918996
7451,1110358.02,99.16103530553727,0.0009006104175300143,10.084606286317776
7461,1113340.42,99.17444732471515,0.0008981978755428641,10.08324247803286
7471,1116326.82,99.187841379758,0.0008957950145818407,10.08188086452376
7481,1119317.22,99.20121751872404,0.0008934017829190549,10.080521439278222
7491,1122311.62,99.21457578947881,0.0008910181291716465,10.07916419581209
7501,1125310.02,99.22791623969636,0.0008886440022990287,10.077809127669132
7511,1128312.42,99.24123891686011,0.0008862793516001535,10.076456228420883
7521,1131318.82,99.25454386826402,0.0008839241267108064,10.075105491666497
7531,1134329.22,99.26783114101352,0.0008815782776009244,10.073756911032579
7541,1137343.62,99.28110078202647,0.0008792417545719384,10.072410480173048
7551,1140362.02,99.29435283803426,0.0008769145082541419,10.071066192768965
7561,1143384.42,99.3075873555827,0.0008745964896040827,10.069724042528396
7571,1146410.82,99.32080438103306,0.0008722876499019784,10.06838402318625
7581,1149441.22,99.33400396056302,0.0008699879407491582,10.067046128504131
7591,1152475.62,99.34718614016768,0.0008676973140655243,10.065710352270196
7601,1155514.02,99.36035096566042,0.0008654157220870414,10.064376688299003
7611,1158556.42,99.37349848267391,0.0008631431173632443,10.063045130431362
7621,1161602.82,99.38662873666118,0.000860879452754772,10.061715672534183
7631,1164653.22,99.39974177289633,0.0008586246814309242,10.060388308500348
7641,1167707.62,99.41283763647567,0.0008563787568672369,10.059063032248552
7651,1170766.02,99.42591637231851,0.0008541416328430851,10.057739837723167
7661,1173828.42,99.43897802516821,0.0008519132634393023,10.056418718894093
7671,1176894.82,99.45202263959295,0.000849693603035826,10.05509966975663
7681,1179965.22,99.46505025998682,0.0008474826063093623,10.05378268433132
7691,1183039.62,99.47806093057054,0.0008452802282310713,10.052467756663829
7701,1186118.02,99.49105469539249,0.0008430864240642765,10.051154880824786
7711,1189200.42,99.5040315983296,0.0008409011493621908,10.049844050909664
7721,1192286.82,99.51699168308815,0.0008387243599656667,10.048535261038637
7731,1195377.22,99.52993499320473,0.0008365560120009649,10.04722850535644
7741,1198471.62,99.54286157204713,0.0008343960618775436,10.04592377803224
7751,1201570.02,99.55577146281512,0.0008322444662858682,10.044621073259504
7761,1204672.42,99.56866470854138,0.0008301011821952394,10.043320385255866
7771,1207778.82,99.58154135209242,0.0008279661668516425,10.042021708262983
7781,1210889.22,99.5944014361693,0.0008258393777756152,10.040725036546421
7791,1214003.62,99.60724500330858,0.0008237207727601339,10.03943036439552
7801,1217122.02,99.62007209588313,0.0008216103098685208,10.038137686123253
7811,1220244.42,99.63288275610297,0.0008195079474323677,10.036846996066119
7821,1223370.82,99.64567702601612,0.0008174136440494796,10.035558288583998
7831,1226501.22,99.65845494750937,0.0008153273585818366,10.034271558060029
7841,1229635.62,99.67121656230921,0.0008132490501535731,10.032986798900488
7851,1232774.02,99.68396191198255,0.0008111786781489765,10.031704005534662
7861,1235916.42,99.69669103793755,0.0008091162022105023,10.030423172414721
7871,1239062.82,99.70940398142449,0.0008070615822368069,10.029144294015603
7881,1242213.22,99.72210078353649,0.0008050147783808001,10.027867364834876
7891,1245367.62,99.73478148521036,0.0008029757510477106,10.026592379392635
7901,1248526.02,99.74744612722732,0.0008009444608931738,10.025319332231378
7911,1251688.42,99.76009475021397,0.0007989208688213318,10.024048217915864
7921,1254854.82,99.7727273946428,0.0007969049359829529,10.022779031033023
7931,1258025.22,99.7853441008332,0.000794896623773568,10.021511766191825
7941,1261199.62,99.7979449089521,0.0007928958938316203,10.02024641802316
7951,1264378.02,99.81052985901484,0.0007909027080366361,10.018982981179722
7961,1267560.42,99.82309899088578,0.0007889170285074064,10.017721450335896
7971,1270746.82,99.83565234427923,0.0007869388176001888,10.016461820187645
7981,1273937.22,99.84818995876009,0.000784968037906923,10.015204085452387
7991,1277131.62,99.86071187374462,0.0007830046522534614,10.01394824086889
8001,1280330.02,99.87321812850124,0.0007810486236978181,10.01269428119715
8011,1283532.42,99.88570876215115,0.000779099915528429,10.011442201218294
8021,1286738.82,99.89818381366923,0.0007771584912624304,10.010191995734445
8031,1289949.22,99.9106433218846,0.0007752243146439517,10.008943659568631
8041,1293163.62,99.92308732548148,0.0007732973496424218,10.007697187564672
8051,1296382.02,99.93551586299981,0.0007713775604508924,10.006452574587057
8061,1299604.42,99.94792897283601,0.0007694649114843731,10.005209815520853
8071,1302830.82,99.96032669324372,0.0007675593673781834,10.003968905271591
8081,1306061.22,99.97270906233447,0.0007656608929863181,10.002729838765148
8091,1309295.62,99.9850761180784,0.0007637694533798256,10.001492610947656
8101,1312534.02,99.9974278983049,0.000761885013845203,10.000257216785387
8111,1315776.42,100.00976444070345,0.0007600075398828017,9.999023651264649
8121,1319022.82,100.02208578282409,0.0007581369972052492,9.997791909391687
8131,1322273.22,100.03439196207837,0.000756273351735884,9.996561986192567
8141,1325527.62,100.04668301573977,0.0007544165696072028,9.995333876713092
8151,1328786.02,100.05895898094457,0.0007525666171593226,9.994107576018676
8161,1332048.42,100.07121989469242,0.0007507234609384545,9.99288307919426
8171,1335314.82,100.08346579384707,0.0007488870676953918,9.991660381344207
8181,1338585.22,100.09569671513697,0.0007470574043840107,9.990439477592197
8191,1341859.62,100.10791269515602,0.000745234438159783,9.989220363081126
8201,1345138.02,100.1201137703641,0.0007434181363783027,9.988003032973015
8211,1348420.42,100.1322999770879,0.000741608466593824,9.986787482448904
8221,1351706.82,100.14447135152133,0.0007398053965578127,9.98557370670876
8231,1354997.22,100.15662792972643,0.0007380088942175099,9.98436170097137
8241,1358291.62,100.16876974763383,0.0007362189277145065,9.983151460474254
8251,1361590.02,100.18089684104342,0.0007344354653833318,9.981942980473567
8261,1364892.42,100.19300924562503,0.0007326584757500522,9.980736256243999
8271,1368198.82,100.20510699691906,0.0007308879275308832,9.97953128307868
8281,1371509.22,100.217190130337,0.0007291237896308127,9.978328056289092
8291,1374823.62,100.22925868116218,0.0007273660311422347,9.977126571204975
8301,1378142.02,100.24131268455035,0.0007256146213435971,9.97592682317422
8311,1381464.42,100.25335217553027,0.0007238695296980577,9.974728807562796
8321,1384790.82,100.2653771890043,0.0007221307258521543,9.973532519754645
8331,1388121.22,100.27738775974909,0.0007203981796344847,9.972337955151596
8341,1391455.62,100.28938392241612,0.0007186718610543971,9.971145109173271
8351,1394794.02,100.30136571153228,0.0007169517403006933,9.969953977256997
8361,1398136.42,100.31333316150057,0.0007152377877403408,9.968764554857717
8371,1401482.82,100.32528630660056,0.0007135299739171972,9.967576837447893
8381,1404833.22,100.33722518098905,0.0007118282695507443,9.966390820517434
8391,1408187.62,100.34914981870068,0.0007101326455348329,9.96520649957359
8401,1411546.02,100.36106025364846,0.0007084430729364389,9.964023870140876
8411,1414908.42,100.37295651962437,0.0007067595229944282,9.962842927760981
8421,1418274.82,100.38483865029991,0.0007050819671183332,9.96166366799268
8431,1421645.22,100.39670667922675,0.0007034103768871392,9.960486086411754
8441,1425019.62,100.40856063983719,0.0007017447240480801,9.959310178610897
8451,1428398.02,100.42040056544481,0.0007000849805154448,9.958135940199638
8461,1431780.42,100.432226489245,0.0006984311183693936,9.956963366804251
8471,1435166.82,100.44403844431551,0.0006967831098547832,9.955792454067677
8481,1438557.22,100.45583646361699,0.0006951409273800038,9.954623197649438
8491,1441951.62,100.46762057999362,0.0006935045435158219,9.95345559322555
8501,1445350.02,100.47939082617359,0.0006918739309942376,9.95228963648845
8511,1448752.42,100.49114723476961,0.0006902490627073466,9.951125323146906
8521,1452158.82,100.50288983827956,0.0006886299117062141,9.94996264892594
8531,1455569.22,100.51461866908694,0.0006870164511997581,9.948801609566747
8541,1458983.62,100.52633375946147,0.0006854086545536405,9.947642200826614
8551,1462402.02,100.53803514155956,0.0006838064952891682,9.946484418478837
8561,1465824.42,100.54972284742485,0.0006822099470822024,9.945328258312657
8571,1469250.82,100.56139690898883,0.0006806189837620781,9.944173716133148
8581,1472681.22,100.57305735807121,0.0006790335793105313,9.943020787761185
8591,1476115.62,100.58470422638055,0.0006774537078606349,9.941869469033325
8601,1479554.02,100.59633754551479,0.0006758793436957442,9.940719755801748
8611,1482996.42,100.60795734696164,0.0006743104612484499,9.939571643934187
8621,1486442.82,100.61956366209925,0.0006727470350995405,9.938425129313831
8631,1489893.22,100.63115652219658,0.0006711890399769723,9.937280207839272
8641,1493347.62,100.642735958414,0.0006696364507548483,9.936136875424415
8651,1496806.02,100.65430200180374,0.0006680892424524054,9.934995127998402
8661,1500268.42,100.66585468331044,0.0006665473902330092,9.93385496150555
8671,1503734.82,100.6773940337716,0.0006650108694031571,9.932716371905258
8681,1507205.22,100.68892008391808,0.0006634796554114907,9.931579355171959
8691,1510679.62,100.7004328643746,0.0006619537238478136,9.93044390729502
8701,1514158.02,100.71193240566025,0.0006604330504421196,9.929310024278688
8711,1517640.42,100.72341873818893,0.0006589176110636273,9.92817770214201
8721,1521126.82,100.73489189226984,0.0006574073817198227,9.927046936918762
8731,1524617.22,100.74635189810807,0.0006559023385555097,9.925917724657374
8741,1528111.62,100.75779878580488,0.0006544024578518682,9.92479006142087
8751,1531610.02,100.76923258535831,0.0006529077160255194,9.923663943286785
8761,1535112.42,100.78065332666364,0.0006514180896275988,9.922539366347102
8771,1538618.82,100.79206103951381,0.0006499335553428366,9.921416326708183
8781,1542129.22,100.80345575359996,0.0006484540899886457,9.920294820490689
8791,1545643.62,100.81483749851179,0.0006469796705142159,9.919174843829529
8801,1549162.02,100.82620630373812,0.0006455102739996169,9.918056392873776
8811,1552684.42,100.8375621986673,0.0006440458776549069,9.916939463786603
8821,1556210.82,100.84890521258768,0.0006425864588192492,9.915824052745222
8831,1559741.22,100.86023537468803,0.0006411319949600358,9.91471015594081
8841,1563275.62,100.87155271405804,0.000639682463672017,9.913597769578441
8851,1566814.02,100.88285725968876,0.0006382378426764396,9.912486889877023
8861,1570356.42,100.89414904047302,0.0006367981098201898,9.911377513069233
8871,1573902.82,100.90542808520587,0.0006353632430749441,9.910269635401447
8881,1577453.22,100.91669442258504,0.0006339332205363275,9.909163253133677
8891,1581007.62,100.9279480812114,0.0006325080204230767,9.90805836253951
8901,1584566.02,100.93918908958932,0.0006310876210762111,9.906954959906034
8911,1588128.42,100.9504174761272,0.0006296720009582097,9.905853041533785
8921,1591694.82,100.96163326913783,0.0006282611386521946,9.904752603736672
8931,1595265.22,100.97283649683887,0.0006268550128611216,9.903653642841922
8941,1598839.62,100.98402718735318,0.0006254536024069756,9.902556155190014
8951,1602418.02,100.99520536870939,0.0006240568862299738,9.901460137134617
8961,1606000.42,101.0063710688422,0.0006226648433877745,9.900365585042522
8971,1609586.82,101.01752431559284,0.0006212774530546914,9.899272495293594
8981,1613177.22,101.02866513670949,0.0006198946945209157,9.898180864280695
8991,1616771.62,101.03979355984774,0.0006185165471917425,9.897090688409627
9001,1620370.02,101.05090961257085,0.0006171429905868043,9.896001964099083
9011,1623972.42,101.06201332235037,0.0006157740043393102,9.894914687780567
9021,1627578.82,101.07310471656639,0.0006144095681952902,9.893828855898349
9031,1631189.22,101.08418382250798,0.0006130496620128473,9.892744464909399
9041,1634803.62,101.09525066737365,0.000611694265761413,9.891661511283328
9051,1638422.02,101.1063052782717,0.0006103433595210104,9.890579991502324
9061,1642044.42,101.11734768222061,0.0006089969234815219,9.889499902061111
9071,1645670.82,101.12837790614944,0.0006076549379419634,9.888421239466867
9081,1649301.22,101.13939597689829,0.0006063173833097632,9.88734400023918
9091,1652935.62,101.15040192121859,0.000604984240100047,9.88626818090999
9101,1656574.02,101.16139576577355,0.0006036554889349285,9.885193778023524
9111,1660216.42,101.17237753713859,0.0006023311105428051,9.884120788136245
9121,1663862.82,101.18334726180159,0.0006010110857576588,9.883049207816796
9131,1667513.22,101.1943049661634,0.0005996953955183635,9.88197903364594
9141,1671167.62,101.20525067653818,0.0005983840208679964,9.880910262216505
9151,1674826.02,101.21618441915379,0.0005970769429531552,9.879842890133325
9161,1678488.42,101.22710622015208,0.0005957741430232805,9.878776914013196
9171,1682154.82,101.23801610558944,0.0005944756024299832,9.877712330484805
9181,1685825.22,101.24891410143701,0.0005931813026263779,9.876649136188682
9191,1689499.62,101.25980023358109,0.0005918912251664194,9.87558732777716
9201,1693178.02,101.27067452782362,0.0005906053517042467,9.874526901914285
9211,1696860.42,101.28153700988236,0.0005893236639935299,9.873467855275804
9221,1700546.82,101.2923877053914,0.0005880461438868234,9.872410184549079
9231,1704237.22,101.30322663990151,0.0005867727733349234,9.87135388643305
9241,1707931.62,101.3140538388804,0.0005855035343862303,9.870298957638184
9251,1711630.02,101.32486932771317,0.000584238409186116,9.869245394886406
9261,1715332.42,101.33567313170269,0.0005829773799762965,9.86819319491106
9271,1719038.82,101.34646527606982,0.0005817204290942074,9.86714235445686
9281,1722749.22,101.35724578595392,0.0005804675389723874,9.866092870279827
9291,1726463.62,101.36801468641312,0.0005792186921378627,9.86504473914724
9301,1730182.02,101.37877200242468,0.0005779738712115387,9.863997957837594
9311,1733904.42,101.38951775888529,0.0005767330589075954,9.862952523140537
9321,1737630.82,101.40025198061156,0.0005754962380328866,9.861908431856827
9331,1741361.22,101.41097469234023,0.0005742633914863454,9.860865680798273
9341,1745095.62,101.42168591872849,0.0005730345022583919,9.859824266787705
9351,1748834.02,101.43238568435447,0.0005718095534303478,9.858784186658896
9361,1752576.42,101.44307401371745,0.0005705885281738528,9.857745437256533
9371,1756322.82,101.45375093123823,0.0005693714097502872,9.856708015436164
9381,1760073.22,101.4644164612595,0.0005681581815101987,9.855671918064138
9391,1763827.62,101.47507062804614,0.0005669488268927323,9.854637142017573
9401,1767586.02,101.48571345578551,0.0005657433294250653,9.853603684184296
9411,1771348.42,101.49634496858788,0.0005645416727218465,9.852571541462801
9421,1775114.82,101.50696519048667,0.0005633438404846397,9.85154071076219
9431,1778885.22,101.51757414543886,0.0005621498165013705,9.850511189002141
9441,1782659.62,101.52817185732516,0.0005609595846457777,9.849482973112856
9451,1786438.02,101.53875834995056,0.0005597731288768697,9.848456060035
9461,1790220.42,101.54933364704445,0.0005585904332383831,9.847430446719672
9471,1794006.82,101.559897772261,0.0005574114818582462,9.846406130128358
9481,1797797.22,101.57045074917959,0.0005562362589480476,9.84538310723286
9491,1801591.62,101.58099260130491,0.0005550647488025061,9.84436137501529
9501,1805390.02,101.59152335206748,0.0005538969357989472,9.843340930467985
9511,1809192.42,101.60204302482386,0.0005527328043967816,9.842321770593488
9521,1812998.82,101.61255164285691,0.0005515723391369885,9.84130389240449
9531,1816809.22,101.62304922937625,0.0005504155246416021,9.840287292923792
9541,1820623.62,101.63353580751846,0.0005492623456132026,9.83927196918425
9551,1824442.02,101.64401140034738,0.0005481127868344098,9.83825791822874
9561,1828264.42,101.65447603085445,0.0005469668331673818,9.837245137110118
9571,1832090.82,101.66492972195906,0.0005458244695533161,9.836233622891156
9581,1835921.22,101.67537249650874,0.0005446856810119554,9.835223372644514
9591,1839755.62,101.68580437727951,0.0005435504526410959,9.834214383452704
9601,1843594.02,101.69622538697624,0.0005424187696161001,9.83320665240802
9611,1847436.42,101.70663554823284,0.0005412906171894132,9.832200176612519
9621,1851282.82,101.71703488361265,0.0005401659806900817,9.831194953177967
9631,1855133.22,101.72742341560864,0.0005390448455232773,9.830190979225804
9641,1858987.62,101.7378011666438,0.000537927197169823,9.829188251887091
9651,1862846.02,101.74816815907135,0.0005368130211857231,9.828186768302473
9661,1866708.42,101.75852441517509,0.0005357023032016966,9.827186525622139
9671,1870574.82,101.76886995716963,0.0005345950289227137,9.826187521005778
9681,1874445.22,101.77920480720073,0.0005334911841275361,9.825189751622538
9691,1878319.62,101.7895289873455,0.0005323907546682603,9.82419321465099
9701,1882198.02,101.79984251961284,0.0005312937264698641,9.823197907279074
9711,1886080.42,101.81014542594355,0.000530200085529757,9.822203826704065
9721,1889966.82,101.82043772821069,0.0005291098179173325,9.82121097013254
9731,1893857.22,101.8307194482199,0.0005280229097735256,9.820219334780326
9741,1897751.62,101.84099060770956,0.0005269393473103714,9.819228917872467
9751,1901650.02,101.85125122835119,0.0005258591168105685,9.818239716643179
9761,1905552.42,101.86150133174964,0.0005247822046270446,9.817251728335815
9771,1909458.82,101.87174093944343,0.0005237085971825252,9.816264950202818
9781,1913369.22,101.88197007290492,0.0005226382809691065,9.815279379505695
9791,1917283.62,101.89218875354071,0.0005215712425478291,9.814295013514963
9801,1921202.02,101.9023970026918,0.0005205074685482582,9.81331184951012
9811,1925124.42,101.9125948416339,0.0005194469456680623,9.812329884779603
9821,1929050.82,101.92278229157773,0.0005183896606725996,9.811349116620748
9831,1932981.22,101.93295937366925,0.0005173356003945036,9.810369542339751
9841,1936915.62,101.94312610898984,0.0005162847517332737,9.80939115925164
9851,1940854.02,101.95328251855679,0.0005152371016548684,9.808413964680218
9861,1944796.42,101.9634286233233,0.0005141926371913005,9.807437955958047
9871,1948742.82,101.97356444417889,0.0005131513454402362,9.806463130426392
9881,1952693.22,101.98369000194961,0.0005121132135645967,9.805489485435201
9891,1956647.62,101.99380531739841,0.0005110782287921624,9.804517018343045
9901,1960606.02,102.00391041122515,0.00051004637841518,9.803545726517106
9911,1964568.42,102.01400530406708,0.0005090176497899728,9.802575607333125
9921,1968534.82,102.02409001649903,0.0005079920303365526,9.801606658175368
9931,1972505.22,102.03416456903358,0.0005069695075382361,9.800638876436595
9941,1976479.62,102.04422898212145,0.0005059500689412623,9.799672259518017
9951,1980458.02,102.05428327615161,0.0005049337021544138,9.798706804829262
9961,1984440.42,102.06432747145165,0.0005039203948486395,9.797742509788343
9971,1988426.82,102.07436158828793,0.0005029101347566817,9.796779371821618
9981,1992417.22,102.08438564686587,0.000501902909672704,9.795817388363755
9991,1996411.62,102.09439966733018,0.0005008987074519232,9.794856556857704
